name,rookie,position,fantasy_draft_value,team_id,team_code
Megan Keller,0,D,39,1,BOS
Jill Saulnier,0,F,20,1,BOS
Alina Müller,0,F,33,11,HAM
Jamie Lee Rattray,0,F,21,6,TOR
Sophie Shirley,0,F,19,1,BOS
Hadley Hartmetz,0,D,11,13,SJ
Shay Maloney,0,F,17,1,BOS
Daniela Pejšová,0,D,12,13,SJ
Laura Kluge,0,F,6,1,BOS
Noemi Neubauerová,0,D,0,8,SEA
Rylind MacKinnon,0,D,3,1,BOS
Ella Huber,1,F,16,1,BOS
Haley Winn,1,D,38,1,BOS
Mia Biotti,1,D,6,10,DET
Riley Brengman,1,D,11,11,HAM
Olivia Mobley,1,F,32,1,BOS
Abby Newhook,1,F,28,1,BOS
Jessie Eldridge,0,F,46,3,MTL
Zoe Boyd,0,D,10,11,HAM
Susanna Tapani,0,F,36,1,BOS
Loren Gabel,0,F,12,1,BOS
Liz Schepers,0,F,23,1,BOS
Claire Butorac,0,F,6,2,MIN
Samantha Cogan,0,F,2,2,MIN
Madison Bizal,0,D,5,12,VEG
Sidney Morin,0,D,17,2,MIN
Mae Batherson,0,D,23,12,VEG
Britta Curl-Salemme,0,F,49,10,DET
Klára Hymlárová,0,F,16,2,MIN
Katy Knoll,0,F,22,12,VEG
Dominique Petrie,0,F,26,2,MIN
Taylor Fox,0,F,53,2,MIN
Kelly Pannek,0,F,58,2,MIN
Kendall Cooper,1,D,28,12,VEG
Lee Stecklein,0,D,25,2,MIN
Abby Hustler,1,F,23,11,HAM
Grace Zumwinkle,0,F,47,2,MIN
Peyton Anderson,1,F,7,2,MIN
Brooke Becker,1,D,6,2,MIN
Élizabeth Giguère,0,F,6,2,MIN
Natalie Buchbinder,0,D,7,2,MIN
Kaitlin Willoughby,0,F,13,3,MTL
Catherine Dubois,0,F,16,3,MTL
Dara Greig,0,F,12,5,OTT
Lina Ljungblom,0,F,24,3,MTL
Nicole Gosling,1,D,30,11,HAM
Tamara Giaquinto,1,D,5,3,MTL
Natálie Mlýnková,1,F,20,13,SJ
Marie-Philip Poulin,0,F,55,3,MTL
Laura Stacey,0,F,44,3,MTL
Nadia Mattivi,0,D,2,3,MTL
Jade Downie-Landry,0,F,11,3,MTL
Alexandra Labelle,0,F,9,3,MTL
Shiann Darkangelo,0,F,19,10,DET
Abby Roque,0,F,40,3,MTL
Jessica DiGirolamo,0,D,11,3,MTL
Amanda Boulier,0,D,9,1,BOS
Hayley Scamurra,0,F,33,12,VEG
Maggie Flaherty,0,D,23,3,MTL
Erin Ambrose,0,D,17,12,VEG
Kati Tabin,0,D,20,3,MTL
Maureen Murphy,0,F,25,12,VEG
Denisa Křížová,0,F,14,4,NY
Clair DeGeorge,0,F,4,4,NY
Emmy Fecteau,0,F,3,4,NY
Sarah Fillier,0,F,47,4,NY
Elle Hartje,0,F,12,4,NY
Lauren Bernard,0,D,7,4,NY
Maja Nylén Persson,0,D,22,4,NY
Allyson Simpson,0,D,16,11,HAM
Kristýna Kaltounková,1,F,46,4,NY
Anne Cherkowski,1,F,23,13,SJ
Dayle Ross,1,D,3,4,NY
Anna Bargman,1,F,13,4,NY
Nicole Vallario,1,D,15,4,NY
Maddi Wheeler,1,F,21,13,SJ
Kristin O'Neill,0,F,19,13,SJ
Paetyn Levis,0,F,22,4,NY
Kayla Vespa,0,F,4,11,HAM
Micah Zandee-Hart,0,D,12,4,NY
Jaime Bourbonnais,0,D,20,4,NY
Taylor Girard,0,F,34,10,DET
Alexa Vasko,0,F,10,11,HAM
Michela Cava,0,F,15,5,OTT
Emma Greco,0,D,5,5,OTT
Brooke McQuigge,0,F,4,5,OTT
Taylor House,0,F,2,1,BOS
Stephanie Markowski,0,D,11,10,DET
Ronja Savolainen,0,D,22,5,OTT
Fanuza Kadirova,0,F,30,5,OTT
Sarah Wozniewicz,1,F,28,5,OTT
Rory Guilday,1,D,17,13,SJ
Peyton Hemp,1,F,18,11,HAM
Vita Poniatovskaia,1,D,1,5,OTT
Kathryn Reilly,1,D,8,5,OTT
Olivia Wallin,1,F,0,10,DET
Brooke Hobson,0,D,11,5,OTT
Emily Clark,0,F,20,11,HAM
Gabbie Hughes,0,F,28,5,OTT
Brianne Jenner,0,F,49,11,HAM
Jocelyne Larocque,0,D,16,5,OTT
Rebecca Leslie,0,F,49,5,OTT
Kateřina Mrázová,0,F,15,5,OTT
Hilary Knight,0,F,37,10,DET
Mikyla Grant-Mentis,0,F,21,8,SEA
Natalie Snodgrass,0,F,12,12,VEG
Gabrielle David,0,F,14,8,SEA
Theresa Schafzahl,0,F,26,8,SEA
Hannah Bilka,0,F,38,10,DET
Cayla Barnes,0,D,22,10,DET
Emily Brown,0,D,10,8,SEA
Anna Wilgren,0,D,22,8,SEA
Megan Carter,0,D,12,12,VEG
Julia Gosling,0,F,37,8,SEA
Danielle Serdachny,0,F,32,8,SEA
Jenna Buglioni,1,F,2,5,OTT
Lily Delianedis,1,F,4,8,SEA
Jada Habisch,1,F,7,12,VEG
Sydney Langseth,1,F,3,12,VEG
Lyndie Lobdell,1,D,9,8,SEA
Alex Carpenter,0,F,43,8,SEA
Lexie Adzija,0,F,16,8,SEA
Aneta Tejralová,0,D,21,8,SEA
Brooke Bryant,0,F,4,13,SJ
Mariah Keopple,0,D,8,13,SJ
Natalie Spooner,0,F,20,6,TOR
Jessica Kondas,0,D,2,6,TOR
Anna Kjellbin,0,D,9,11,HAM
Emma Gentry,1,F,9,6,TOR
Claire Dalton,0,F,17,6,TOR
Lauren Messier,1,F,15,6,TOR
Ella Shelton,0,D,21,6,TOR
Kristin Della Rovere,0,F,1,13,SJ
Daryl Watts,0,F,44,10,DET
Jesse Compher,0,F,28,10,DET
Maggie Connors,0,F,15,13,SJ
Renata Fast,0,D,22,6,TOR
Kali Flanagan,0,D,17,6,TOR
Emma Maltais,0,F,21,3,MTL
Allie Munroe,0,D,8,6,TOR
Emma Woods,0,F,6,6,TOR
Sophie Jaques,0,D,44,9,VAN
Abby Boreen,0,F,21,9,VAN
Mellissa Channell-Watkins,0,D,8,10,DET
Tereza Vanišová,0,F,25,9,VAN
Sydney Bard,0,D,8,10,DET
Jenn Gardiner,0,F,36,9,VAN
Izzy Daniel,0,F,24,9,VAN
Mannon McMahon,0,F,15,9,VAN
Gabby Rosenthal,0,F,10,9,VAN
Anna Shokhina,0,F,10,11,HAM
Anna Segedi,1,F,6,9,VAN
Michelle Karvinen,0,F,17,3,MTL
Katie Chan,1,F,6,9,VAN
Nina Jobst-Smith,1,D,11,10,DET
Darcie Lappan,1,F,4,12,VEG
Ashton Bell,0,D,16,9,VAN
Sarah Nurse,0,F,52,9,VAN
Hannah Miller,0,F,35,9,VAN
Amanda Thiele,1,G,1,1,BOS
Abbey Levy,0,G,4,13,SJ
Aerin Frankel,0,G,40,1,BOS
Maddie Rooney,0,G,20,2,MIN
Marlène Boissonnault,0,G,1,2,MIN
Nicole Hensley,0,G,18,12,VEG
Ann-Renée Desbiens,0,G,37,3,MTL
Kayle Osborne,0,G,35,11,HAM
Callie Shanahan,1,G,4,4,NY
Gwyneth Philips,0,G,42,5,OTT
Sanni Ahola,1,G,3,5,OTT
Kendra Woodland,1,G,1,5,OTT
Carly Jackson,0,G,2,8,SEA
Corinne Schroeder,0,G,23,13,SJ
Hannah Murphy,1,G,17,8,SEA
Raygan Kirk,0,G,33,6,TOR
Elaine Chuli,0,G,9,4,NY
Emerance Maschmeyer,0,G,26,9,VAN
Kristen Campbell,0,G,15,9,VAN
Abbey Murphy,-1,F,27,8,SEA
Tessa Janecke,-1,F,27,12,VEG
Laila Edwards,-1,D,27,13,SJ
Lacey Eden,-1,F,26,12,VEG
Nelli Laitinen,-1,D,26,11,HAM
Emma Peschel,-1,D,26,4,NY
Kirsten Simms,-1,F,25,6,TOR
Sara Swiderski,-1,D,25,2,MIN
Grace Dwyer,-1,D,24,1,BOS
Vivian Jungels,-1,D,24,5,OTT
Petra Nieminen,-1,F,24,3,MTL
Sydney Morrow,-1,D,23,8,SEA
Sloane Matthews,-1,F,22,13,SJ
Thea Johansson,-1,F,22,9,VAN
Jade Iginla,-1,F,21,11,HAM
Elisa Holopainen,-1,F,21,4,NY
Jamie Nelson,-1,F,21,6,TOR
Viivi Vainikka,-1,F,20,2,MIN
Casey Borgiel,-1,D,20,10,DET
Jordan Ray,-1,F,19,5,OTT
Avi Adam,-1,F,19,3,MTL
Jules Constantinople,-1,F,19,9,VAN
Emerson Jarvis,-1,F,18,8,SEA
Leah Stecker,-1,D,18,1,BOS
Tia Chan,-1,G,17,13,SJ
Josefin Bouveng,-1,F,17,12,VEG
Elyssa Biederman,-1,F,17,11,HAM
Carina DiAntonio,-1,F,16,4,NY
Brooke Disher,-1,D,16,6,TOR
MK O'Brien,-1,F,15,10,DET
Tereza Pištěková,-1,F,15,5,OTT
Zoe Uens,-1,F,14,3,MTL
Grace Elliott,-1,F,14,8,SEA
Kyla Josifovic,-1,F,13,10,DET
Lily Shannon,-1,F,13,13,SJ
Saskia Maurer,-1,G,12,12,VEG
Megan Woodworth,-1,F,12,11,HAM
Katelyn Roberts,-1,F,12,4,NY
Jane Kuehl,-1,F,11,6,TOR
Tova Henderson,-1,D,11,2,MIN
Jaden Bogden,-1,F,10,1,BOS
Tory Mariano,-1,D,10,5,OTT
Hailey MacLeod,-1,G,10,3,MTL
Kendall Butze,-1,D,9,12,VEG
Gracie Gilkyson,-1,D,9,8,SEA
Sena Catterall,-1,F,9,10,DET
Alexis Petford,-1,F,8,12,VEG
Grace Wolfe,-1,D,7,4,NY
Emerson O'Leary,-1,F,7,6,TOR
Jenna Goodwin,-1,F,6,1,BOS
Neena Brick,-1,F,5,8,SEA
Erica Rieder,-1,D,5,3,MTL
Ashley Messier,-1,D,5,9,VAN
Gabriella Durante,-1,G,4,8,SEA
Georgia Schiff,-1,F,4,10,DET
Reichen Kirchmair,-1,F,3,13,SJ
Sydney Healey,-1,F,3,12,VEG
Mya Vaslet,-1,F,3,11,HAM
Naomi Boucher,-1,F,2,4,NY
Alyssa Regalado,-1,D,2,6,TOR
Lara Beecher,-1,F,2,2,MIN
Maeve Kelly,-1,D,1,1,BOS
Taylor Otremba,-1,F,1,5,OTT
Émilie Lavoie,-1,F,0,3,MTL
Maddy Christian,NA,NA,NA,2,MIN
Daria Gredzen,NA,NA,NA,2,MIN
Megan Warrener,NA,NA,NA,3,MTL
Makenna Webster,NA,NA,NA,4,NY
Kaley Doyle,NA,NA,NA,4,NY
Maggy Burbidge,NA,NA,NA,5,OTT
Akane Shiga,NA,NA,NA,10,DET
Alice Philbert,NA,NA,NA,10,DET
Emma-Sofie Nordström,NA,NA,NA,11,HAM
Mckenna Van Gelder,NA,NA,NA,13,SJ
Emma Nuutinen,NA,NA,NA,8,SEA
Grace Campbell,NA,NA,NA,6,TOR
Jessie McPherson,NA,NA,NA,6,TOR
Laura Fuoco,NA,NA,NA,9,VAN
KK Harvey,NA,NA,NA,9,VAN
Dominika Lásková,NA,NA,NA,9,VAN
Katie Desa,NA,NA,NA,9,VAN
