"name","team_code","rookie","position","fantasy_draft_value"
"Daniela Pejšová","BOS",0,"D",12
"Hadley Hartmetz","BOS",0,"D",11
"Haley Winn","BOS",1,"D",38
"Megan Keller","BOS",0,"D",39
"Mia Biotti","BOS",1,"D",6
"Noemi Neubauerová","BOS",0,"D",0
"Olivia Zafuto","BOS",0,"D",0
"Riley Brengman","BOS",1,"D",11
"Rylind MacKinnon","BOS",0,"D",3
"Zoe Boyd","BOS",0,"D",10
"Abby Newhook","BOS",1,"F",28
"Alina Müller","BOS",0,"F",33
"Ella Huber","BOS",1,"F",16
"Hannah Brandt","BOS",0,"F",7
"Jamie Lee Rattray","BOS",0,"F",21
"Jessie Eldridge","BOS",0,"F",46
"Jill Saulnier","BOS",0,"F",20
"Laura Kluge","BOS",0,"F",6
"Liz Schepers","BOS",0,"F",23
"Loren Gabel","BOS",0,"F",12
"Olivia Mobley","BOS",1,"F",32
"Shay Maloney","BOS",0,"F",17
"Sophie Shirley","BOS",0,"F",19
"Susanna Tapani","BOS",0,"F",36
"Abbey Levy","BOS",0,"G",4
"Aerin Frankel","BOS",0,"G",40
"Amanda Thiele","BOS",1,"G",1
"Brooke Becker","MIN",1,"D",6
"Jincy Roese","MIN",0,"D",13
"Kendall Cooper","MIN",1,"D",28
"Lee Stecklein","MIN",0,"D",25
"Madison Bizal","MIN",0,"D",5
"Mae Batherson","MIN",0,"D",23
"Natalie Buchbinder","MIN",0,"D",7
"Sidney Morin","MIN",0,"D",17
"Abby Hustler","MIN",1,"F",23
"Britta Curl-Salemme","MIN",0,"F",49
"Claire Butorac","MIN",0,"F",6
"Dominique Petrie","MIN",0,"F",26
"Grace Zumwinkle","MIN",0,"F",47
"Kaitlyn O'Donohoe","MIN",0,"F",9
"Katy Knoll","MIN",0,"F",22
"Kelly Pannek","MIN",0,"F",58
"Kendall Coyne Schofield","MIN",0,"F",56
"Klára Hymlárová","MIN",0,"F",16
"Peyton Anderson","MIN",1,"F",7
"Samantha Cogan","MIN",0,"F",2
"Taylor Heise","MIN",0,"F",53
"Vanessa Upson","MIN",1,"F",4
"Élizabeth Giguère","MIN",0,"F",6
"Maddie Rooney","MIN",0,"G",20
"Marlène Boissonnault","MIN",0,"G",1
"Nicole Hensley","MIN",0,"G",18
"Amanda Boulier","MTL",0,"D",9
"Erin Ambrose","MTL",0,"D",17
"Jessica DiGirolamo","MTL",0,"D",11
"Kati Tabin","MTL",0,"D",20
"Kelly Ann Nadeau","MTL",0,"D",0
"Maggie Flaherty","MTL",0,"D",23
"Nadia Mattivi","MTL",0,"D",2
"Nicole Gosling","MTL",1,"D",30
"Tamara Giaquinto","MTL",1,"D",5
"Abby Roque","MTL",0,"F",40
"Alexandra Labelle","MTL",0,"F",9
"Catherine Dubois","MTL",0,"F",16
"Dara Greig","MTL",0,"F",12
"Hayley Scamurra","MTL",0,"F",33
"Jade Downie-Landry","MTL",0,"F",11
"Kaitlin Willoughby","MTL",0,"F",13
"Laura Stacey","MTL",0,"F",44
"Lina Ljungblom","MTL",0,"F",24
"Marie-Philip Poulin","MTL",0,"F",55
"Maureen Murphy","MTL",0,"F",25
"Maya Labad","MTL",1,"F",11
"Natálie Mlýnková","MTL",1,"F",20
"Samantha Isbell","MTL",0,"F",7
"Shiann Darkangelo","MTL",0,"F",19
"Skylar Irving","MTL",1,"F",18
"Ann-Renée Desbiens","MTL",0,"G",37
"Sandra Abstreiter","MTL",0,"G",7
"Allyson Simpson","NY",0,"D",16
"Dayle Ross","NY",1,"D",3
"Jaime Bourbonnais","NY",0,"D",20
"Lauren Bernard","NY",0,"D",7
"Maja Nylén Persson","NY",0,"D",22
"Micah Zandee-Hart","NY",0,"D",12
"Nicole Vallario","NY",1,"D",15
"Olivia Knowles","NY",0,"D",1
"Anna Bargman","NY",1,"F",13
"Anne Cherkowski","NY",1,"F",23
"Casey O'Brien","NY",1,"F",40
"Clair DeGeorge","NY",0,"F",4
"Denisa Křížová","NY",0,"F",14
"Elle Hartje","NY",0,"F",12
"Emmy Fecteau","NY",0,"F",3
"Kayla Vespa","NY",0,"F",4
"Kira Juodikis","NY",0,"F",1
"Kristin O'Neill","NY",0,"F",19
"Kristýna Kaltounková","NY",1,"F",46
"Maddi Wheeler","NY",1,"F",21
"Paetyn Levis","NY",0,"F",22
"Sarah Fillier","NY",0,"F",47
"Savannah Norcross","NY",0,"F",6
"Taylor Girard","NY",0,"F",34
"Callie Shanahan","NY",1,"G",4
"Kayle Osborne","NY",0,"G",35
"Brooke Hobson","OTT",0,"D",11
"Emma Greco","OTT",0,"D",5
"Jocelyne Larocque","OTT",0,"D",16
"Kathryn Reilly","OTT",1,"D",8
"Ronja Savolainen","OTT",0,"D",22
"Rory Guilday","OTT",1,"D",17
"Stephanie Markowski","OTT",0,"D",11
"Vita Poniatovskaia","OTT",1,"D",1
"Alexa Vasko","OTT",0,"F",10
"Brianne Jenner","OTT",0,"F",49
"Brooke McQuigge","OTT",0,"F",4
"Emily Clark","OTT",0,"F",20
"Fanuza Kadirova","OTT",0,"F",30
"Gabbie Hughes","OTT",0,"F",28
"Kateřina Mrázová","OTT",0,"F",15
"Michela Cava","OTT",0,"F",15
"Olivia Wallin","OTT",1,"F",0
"Peyton Hemp","OTT",1,"F",18
"Rebecca Leslie","OTT",0,"F",49
"Sarah Wozniewicz","OTT",1,"F",28
"Taylor House","OTT",0,"F",2
"Gwyneth Philips","OTT",0,"G",42
"Kendra Woodland","OTT",1,"G",1
"Sanni Ahola","OTT",1,"G",3
"Aneta Tejralová","SEA",0,"D",21
"Anna Wilgren","SEA",0,"D",22
"Cayla Barnes","SEA",0,"D",22
"Emily Brown","SEA",0,"D",10
"Emily Zumwinkle","SEA",1,"D",0
"Lyndie Lobdell","SEA",1,"D",9
"Mariah Keopple","SEA",0,"D",8
"Megan Carter","SEA",0,"D",12
"Alex Carpenter","SEA",0,"F",43
"Brooke Bryant","SEA",0,"F",4
"Danielle Serdachny","SEA",0,"F",32
"Gabrielle David","SEA",0,"F",14
"Hannah Bilka","SEA",0,"F",38
"Hilary Knight","SEA",0,"F",37
"Jada Habisch","SEA",1,"F",7
"Jenna Buglioni","SEA",1,"F",2
"Julia Gosling","SEA",0,"F",37
"Lexie Adzija","SEA",0,"F",16
"Lily Delianedis","SEA",1,"F",4
"Marah Wagner","SEA",1,"F",2
"Mikyla Grant-Mentis","SEA",0,"F",21
"Natalie Snodgrass","SEA",0,"F",12
"Sydney Langseth","SEA",1,"F",3
"Theresa Schafzahl","SEA",0,"F",26
"Carly Jackson","SEA",0,"G",2
"Corinne Schroeder","SEA",0,"G",23
"Hannah Murphy","SEA",1,"G",17
"Allie Munroe","TOR",0,"D",8
"Anna Kjellbin","TOR",0,"D",9
"Ella Shelton","TOR",0,"D",21
"Hanna Baskin","TOR",1,"D",1
"Jessica Kondas","TOR",0,"D",2
"Kali Flanagan","TOR",0,"D",17
"Renata Fast","TOR",0,"D",22
"Savannah Harmon","TOR",0,"D",16
"Blayre Turnbull","TOR",0,"F",37
"Claire Dalton","TOR",0,"F",17
"Clara Van Wieren","TOR",1,"F",6
"Daryl Watts","TOR",0,"F",44
"Emma Gentry","TOR",1,"F",9
"Emma Maltais","TOR",0,"F",21
"Emma Woods","TOR",0,"F",6
"Jesse Compher","TOR",0,"F",28
"Kiara Zanon","TOR",1,"F",8
"Kristin Della Rovere","TOR",0,"F",1
"Lauren Messier","TOR",1,"F",15
"Maggie Connors","TOR",0,"F",15
"Natalie Spooner","TOR",0,"F",20
"Sara Hjalmarsson","TOR",0,"F",10
"Elaine Chuli","TOR",0,"G",9
"Raygan Kirk","TOR",0,"G",33
"Ashton Bell","VAN",0,"D",16
"Claire Thompson","VAN",0,"D",33
"Madison Samoskevich","VAN",1,"D",3
"Mellissa Channell-Watkins","VAN",0,"D",8
"Nina Jobst-Smith","VAN",1,"D",11
"Sini Karjalainen","VAN",0,"D",2
"Sophie Jaques","VAN",0,"D",44
"Sydney Bard","VAN",0,"D",8
"Abby Boreen","VAN",0,"F",21
"Anna Meixner","VAN",0,"F",13
"Anna Segedi","VAN",1,"F",6
"Anna Shokhina","VAN",0,"F",10
"Brianna Brooks","VAN",1,"F",0
"Darcie Lappan","VAN",1,"F",4
"Gabby Rosenthal","VAN",0,"F",10
"Hannah Miller","VAN",0,"F",35
"Izzy Daniel","VAN",0,"F",24
"Jenn Gardiner","VAN",0,"F",36
"Katie Chan","VAN",1,"F",6
"Malia Schneider","VAN",0,"F",2
"Mannon McMahon","VAN",0,"F",15
"Michelle Karvinen","VAN",0,"F",17
"Sarah Nurse","VAN",0,"F",52
"Tereza Vanišová","VAN",0,"F",25
"Emerance Maschmeyer","VAN",0,"G",26
"Kristen Campbell","VAN",0,"G",15
"Alyssa Regalado",NA,-1,"D",2
"Ashley Messier",NA,-1,"D",5
"Brooke Disher",NA,-1,"D",16
"Caroline Harvey",NA,-1,"D",28
"Casey Borgiel",NA,-1,"D",20
"Emma Peschel",NA,-1,"D",26
"Erica Rieder",NA,-1,"D",5
"Grace Dwyer",NA,-1,"D",24
"Grace Wolfe",NA,-1,"D",7
"Gracie Gilkyson",NA,-1,"D",9
"Kendall Butze",NA,-1,"D",9
"Laila Edwards",NA,-1,"D",27
"Leah Stecker",NA,-1,"D",18
"Maeve Kelly",NA,-1,"D",1
"Nelli Laitinen",NA,-1,"D",26
"Sara Swiderski",NA,-1,"D",25
"Sydney Morrow",NA,-1,"D",23
"Tory Mariano",NA,-1,"D",10
"Tova Henderson",NA,-1,"D",11
"Vivian Jungels",NA,-1,"D",24
"Abbey Murphy",NA,-1,"F",27
"Alexis Petford",NA,-1,"F",8
"Avi Adam",NA,-1,"F",19
"Carina DiAntonio",NA,-1,"F",16
"Elisa Holopainen",NA,-1,"F",21
"Elyssa Biederman",NA,-1,"F",17
"Emerson Jarvis",NA,-1,"F",18
"Emerson O'Leary",NA,-1,"F",7
"Georgia Schiff",NA,-1,"F",4
"Grace Elliott",NA,-1,"F",14
"Issy Wunder",NA,-1,"F",23
"Jade Iginla",NA,-1,"F",21
"Jaden Bogden",NA,-1,"F",10
"Jamie Nelson",NA,-1,"F",21
"Jane Kuehl",NA,-1,"F",11
"Jenna Goodwin",NA,-1,"F",6
"Jordan Ray",NA,-1,"F",19
"Josefin Bouveng",NA,-1,"F",17
"Jules Constantinople",NA,-1,"F",19
"Katelyn Roberts",NA,-1,"F",12
"Kirsten Simms",NA,-1,"F",25
"Kyla Josifovic",NA,-1,"F",13
"Lacey Eden",NA,-1,"F",26
"Lara Beecher",NA,-1,"F",2
"Lily Shannon",NA,-1,"F",13
"MK O'Brien",NA,-1,"F",15
"Madelyn Christian",NA,-1,"F",15
"McKenna Van Gelder",NA,-1,"F",8
"Megan Woodworth",NA,-1,"F",12
"Mya Vaslet",NA,-1,"F",3
"Naomi Boucher",NA,-1,"F",2
"Neena Brick",NA,-1,"F",5
"Petra Nieminen",NA,-1,"F",24
"Reichen Kirchmair",NA,-1,"F",3
"Sena Catterall",NA,-1,"F",9
"Sloane Matthews",NA,-1,"F",22
"Sydney Healey",NA,-1,"F",3
"Taylor Otremba",NA,-1,"F",1
"Tereza Pištěková",NA,-1,"F",15
"Tessa Janecke",NA,-1,"F",27
"Thea Johansson",NA,-1,"F",22
"Viivi Vainikka",NA,-1,"F",20
"Zoe Uens",NA,-1,"F",14
"Émilie Lavoie",NA,-1,"F",0
"Andrea Brändli",NA,-1,"G",22
"Darya Gredzen",NA,-1,"G",6
"Emma-Sofie Nordstrøm",NA,-1,"G",7
"Gabriella Durante",NA,-1,"G",4
"Hailey MacLeod",NA,-1,"G",10
"Katie DeSa",NA,-1,"G",14
"Saskia Maurer",NA,-1,"G",12
"Tia Chan",NA,-1,"G",17
